{"flutter":{"platforms":{"android":{"default":{"projectId":"gathery-2b199","appId":"1:587328776002:android:6d7796b377f7865bd6cadb","fileOutput":"android/app/google-services.json"}},"dart":{"lib/firebase_options.dart":{"projectId":"gathery-2b199","configurations":{"android":"1:587328776002:android:6d7796b377f7865bd6cadb","ios":"1:587328776002:ios:019c766e9eb0785dd6cadb","macos":"1:587328776002:ios:019c766e9eb0785dd6cadb","web":"1:587328776002:web:785f96eaac60c91ed6cadb","windows":"1:587328776002:web:7ac8dc52c01a375cd6cadb"}}}}}}